FIPS,Geography,State,2012 Population,2012 Estimated Number Uninsured
1001,Autauga County, Alabama,54264,5720
1003,Baldwin County, Alabama,184805,25515
1005,Barbour County, Alabama,24435,4223
1007,Bibb County, Alabama,21438,3238
1009,Blount County, Alabama,57155,7183
1013,Butler County, Alabama,20370,2438
1015,Calhoun County, Alabama,116487,16169
1017,Chambers County, Alabama,33721,5499
1019,Cherokee County, Alabama,25609,3640
1021,Chilton County, Alabama,43462,7269
1025,Clarke County, Alabama,25261,4373
1031,Coffee County, Alabama,48243,6078
1033,Colbert County, Alabama,53996,6337
1039,Covington County, Alabama,37446,5342
1043,Cullman County, Alabama,79723,11773
1045,Dale County, Alabama,47567,6378
1047,Dallas County, Alabama,43001,6672
1049,DeKalb County, Alabama,70576,11742
1051,Elmore County, Alabama,74541,8404
1053,Escambia County, Alabama,35758,8408
1055,Etowah County, Alabama,103071,16130
1059,Franklin County, Alabama,31454,5625
1061,Geneva County, Alabama,26569,4314
1069,Houston County, Alabama,101367,14769
1071,Jackson County, Alabama,52662,8812
1073,Jefferson County, Alabama,651329,85696
1077,Lauderdale County, Alabama,91839,11426
1079,Lawrence County, Alabama,33775,4485
1081,Lee County, Alabama,141655,17759
1083,Limestone County, Alabama,80780,10281
1087,Macon County, Alabama,20754,3039
1089,Madison County, Alabama,335933,42333
1091,Marengo County, Alabama,20452,2607
1093,Marion County, Alabama,29662,3875
1095,Marshall County, Alabama,93003,15936
1097,Mobile County, Alabama,406747,66451
1099,Monroe County, Alabama,22564,3679
1101,Montgomery County, Alabama,224246,31860
1103,Morgan County, Alabama,118466,19474
1109,Pike County, Alabama,32798,4103
1111,Randolph County, Alabama,22498,3264
1113,Russell County, Alabama,53608,9388
1115,St. Clair County, Alabama,82486,11247
1117,Shelby County, Alabama,196926,19751
1121,Talladega County, Alabama,79293,11622
1123,Tallapoosa County, Alabama,40840,5708
1125,Tuscaloosa County, Alabama,195169,24670
1127,Walker County, Alabama,65789,10031
1133,Winston County, Alabama,23873,3739
2020,Anchorage Municipality, Alaska,284932,48014
2090,Fairbanks North Star Borough, Alaska,93201,15165
2110,Juneau City and Borough, Alaska,31602,5638
2122,Kenai Peninsula Borough, Alaska,55035,12349
2170,Matanuska-Susitna Borough, Alaska,90477,18001
4001,Apache County, Arizona,71647,17825
4003,Cochise County, Arizona,121126,16581
4005,Coconino County, Arizona,134290,28806
4007,Gila County, Arizona,52637,9520
4009,Graham County, Arizona,33631,6402
4012,La Paz County, Arizona,20170,3097
4013,Maricopa County, Arizona,3849059,669326
4015,Mohave County, Arizona,194670,33701
4017,Navajo County, Arizona,105206,18528
4019,Pima County, Arizona,969969,144053
4021,Pinal County, Arizona,362359,58030
4023,Santa Cruz County, Arizona,47195,10575
4025,Yavapai County, Arizona,209596,32805
4027,Yuma County, Arizona,190281,41473
5003,Ashley County, Arkansas,21456,3352
5005,Baxter County, Arkansas,40762,5678
5007,Benton County, Arkansas,225864,34472
5009,Boone County, Arkansas,36677,6064
5015,Carroll County, Arkansas,27325,5518
5019,Clark County, Arkansas,22518,3513
5023,Cleburne County, Arkansas,25554,4802
5027,Columbia County, Arkansas,24253,3450
5029,Conway County, Arkansas,21003,3435
5031,Craighead County, Arkansas,97299,17057
5033,Crawford County, Arkansas,61435,11455
5035,Crittenden County, Arkansas,49883,8755
5045,Faulkner County, Arkansas,115159,15693
5051,Garland County, Arkansas,95033,18485
5055,Greene County, Arkansas,42189,7191
5057,Hempstead County, Arkansas,22238,4401
5059,Hot Spring County, Arkansas,31485,5067
5063,Independence County, Arkansas,36408,6515
5069,Jefferson County, Arkansas,71834,10202
5071,Johnson County, Arkansas,25522,3962
5083,Logan County, Arkansas,21893,3595
5085,Lonoke County, Arkansas,67540,9801
5091,Miller County, Arkansas,42461,7879
5093,Mississippi County, Arkansas,45135,7881
5103,Ouachita County, Arkansas,25342,3200
5107,Phillips County, Arkansas,21077,3121
5111,Poinsett County, Arkansas,24111,4807
5113,Polk County, Arkansas,20433,4357
5115,Pope County, Arkansas,61943,9965
5119,Pulaski County, Arkansas,380231,60088
5123,St. Francis County, Arkansas,24149,4307
5125,Saline County, Arkansas,108308,13448
5131,Sebastian County, Arkansas,125332,24114
5139,Union County, Arkansas,40779,6222
5143,Washington County, Arkansas,206073,39264
5145,White County, Arkansas,77225,12745
5149,Yell County, Arkansas,21763,4133
6001,Alameda County, California,1521060,195466
6005,Amador County, California,33087,4141
6007,Butte County, California,218342,37281
6009,Calaveras County, California,44644,4938
6011,Colusa County, California,21206,4705
6013,Contra Costa County, California,1060548,129753
6015,Del Norte County, California,24939,3562
6017,El Dorado County, California,179871,19286
6019,Fresno County, California,929419,189143
6021,Glenn County, California,27772,5615
6023,Humboldt County, California,133889,25909
6025,Imperial County, California,165133,34294
6029,Kern County, California,818660,169363
6031,Kings County, California,131188,24677
6033,Lake County, California,63669,12299
6035,Lassen County, California,23493,2448
6037,Los Angeles County, California,9820623,2223240
6039,Madera County, California,143386,30451
6041,Marin County, California,248527,22223
6045,Mendocino County, California,86531,15040
6047,Merced County, California,256788,49609
6053,Monterey County, California,402276,86644
6055,Napa County, California,135828,21296
6057,Nevada County, California,97627,15103
6059,Orange County, California,3037778,531809
6061,Placer County, California,353749,36969
6063,Plumas County, California,19501,3262
6065,Riverside County, California,2212594,453398
6067,Sacramento County, California,1418144,207280
6069,San Benito County, California,55978,8833
6071,San Bernardino County, California,2024485,425876
6073,San Diego County, California,3040377,524610
6075,San Francisco County, California,810767,90934
6077,San Joaquin County, California,686298,120251
6079,San Luis Obispo County, California,263987,39351
6081,San Mateo County, California,725172,82192
6083,Santa Barbara County, California,420348,79151
6085,Santa Clara County, California,1802611,212244
6087,Santa Cruz County, California,263622,37937
6089,Shasta County, California,176626,27799
6093,Siskiyou County, California,44318,6550
6095,Solano County, California,400109,50682
6097,Sonoma County, California,483558,69809
6099,Stanislaus County, California,514864,91385
6101,Sutter County, California,93299,17519
6103,Tehama County, California,62780,10664
6107,Tulare County, California,443401,98610
6109,Tuolumne County, California,51198,7162
6111,Ventura County, California,822788,134107
6113,Yolo County, California,200907,25170
6115,Yuba County, California,70002,11672
8001,Adams County, Colorado,447761,96016
8005,Arapahoe County, Colorado,580170,94857
8013,Boulder County, Colorado,298465,32797
8014,Broomfield County, Colorado,56960,5255
8029,Delta County, Colorado,29538,6331
8031,Denver County, Colorado,612247,107014
8035,Douglas County, Colorado,291690,18030
8037,Eagle County, Colorado,51775,9013
8039,Elbert County, Colorado,23111,2773
8041,El Paso County, Colorado,605898,84640
8043,Fremont County, Colorado,35988,4463
8045,Garfield County, Colorado,55577,16982
8059,Jefferson County, Colorado,533894,64456
8067,La Plata County, Colorado,51336,9268
8069,Larimer County, Colorado,303044,37162
8075,Logan County, Colorado,22147,4247
8077,Mesa County, Colorado,145943,25318
8083,Montezuma County, Colorado,25176,5427
8085,Montrose County, Colorado,40465,8204
8087,Morgan County, Colorado,27739,5240
8101,Pueblo County, Colorado,156558,22186
8107,Routt County, Colorado,23240,3080
8117,Summit County, Colorado,27907,6003
8119,Teller County, Colorado,23072,2916
8123,Weld County, Colorado,255608,40689
9001,Fairfield County, Connecticut,917653,104561
9003,Hartford County, Connecticut,879824,73513
9005,Litchfield County, Connecticut,187045,13391
9007,Middlesex County, Connecticut,163827,12495
9009,New Haven County, Connecticut,851938,75775
9011,New London County, Connecticut,262238,20157
9013,Tolland County, Connecticut,148796,7651
9015,Windham County, Connecticut,116312,9705
10001,Kent County, Delaware,161755,12888
10003,New Castle County, Delaware,534207,48863
10005,Sussex County, Delaware,197770,22287
11001,District of Columbia, District of Columbia,608396,41196
12001,Alachua County, Florida,246520,38710
12003,Baker County, Florida,24696,3343
12005,Bay County, Florida,165266,31416
12007,Bradford County, Florida,23943,4082
12009,Brevard County, Florida,538509,90369
12011,Broward County, Florida,1773159,408152
12015,Charlotte County, Florida,157807,26198
12017,Citrus County, Florida,138234,21645
12019,Clay County, Florida,189612,26098
12021,Collier County, Florida,325792,74177
12023,Columbia County, Florida,63676,12439
12027,DeSoto County, Florida,32655,9713
12031,Duval County, Florida,855214,147956
12033,Escambia County, Florida,283138,49701
12035,Flagler County, Florida,96748,16784
12039,Gadsden County, Florida,44928,9781
12049,Hardee County, Florida,25499,8052
12051,Hendry County, Florida,36087,11966
12053,Hernando County, Florida,171552,30765
12055,Highlands County, Florida,97329,17000
12057,Hillsborough County, Florida,1249385,238661
12061,Indian River County, Florida,137916,26104
12063,Jackson County, Florida,41719,6712
12069,Lake County, Florida,296825,45398
12071,Lee County, Florida,628062,133981
12073,Leon County, Florida,276061,36941
12075,Levy County, Florida,39779,7976
12081,Manatee County, Florida,325422,61787
12083,Marion County, Florida,325877,63751
12085,Martin County, Florida,144939,24272
12086,Miami-Dade County, Florida,2522875,770609
12087,Monroe County, Florida,72312,20966
12089,Nassau County, Florida,73280,12390
12091,Okaloosa County, Florida,174760,27974
12093,Okeechobee County, Florida,37179,8683
12095,Orange County, Florida,1162119,259941
12097,Osceola County, Florida,276054,64639
12099,Palm Beach County, Florida,1326095,268671
12101,Pasco County, Florida,462531,75302
12103,Pinellas County, Florida,906400,161864
12105,Polk County, Florida,599013,114322
12107,Putnam County, Florida,72686,15312
12109,St. Johns County, Florida,194703,23082
12111,St. Lucie County, Florida,279166,61989
12113,Santa Rosa County, Florida,148844,20950
12115,Sarasota County, Florida,378816,63210
12117,Seminole County, Florida,424350,76486
12119,Sumter County, Florida,89247,9960
12121,Suwannee County, Florida,41844,8452
12123,Taylor County, Florida,19360,2777
12127,Volusia County, Florida,489273,90311
12129,Wakulla County, Florida,27315,3128
12131,Walton County, Florida,54179,9404
12133,Washington County, Florida,22383,3770
13009,Baldwin County, Georgia,43153,6920
13013,Barrow County, Georgia,69562,13319
13015,Bartow County, Georgia,99414,20195
13021,Bibb County, Georgia,152332,26641
13029,Bryan County, Georgia,30118,5084
13031,Bulloch County, Georgia,71286,14019
13033,Burke County, Georgia,23050,4133
13035,Butts County, Georgia,21460,4225
13039,Camden County, Georgia,46867,6043
13045,Carroll County, Georgia,109751,22479
13047,Catoosa County, Georgia,64206,9765
13051,Chatham County, Georgia,264562,52222
13055,Chattooga County, Georgia,23913,4933
13057,Cherokee County, Georgia,217435,31986
13059,Clarke County, Georgia,117647,19365
13063,Clayton County, Georgia,259327,72241
13067,Cobb County, Georgia,692379,126160
13069,Coffee County, Georgia,39594,9599
13071,Colquitt County, Georgia,45177,11521
13073,Columbia County, Georgia,125962,15813
13077,Coweta County, Georgia,128733,18581
13081,Crisp County, Georgia,23115,4136
13085,Dawson County, Georgia,22141,3697
13087,Decatur County, Georgia,26448,6224
13089,DeKalb County, Georgia,690247,155566
13091,Dodge County, Georgia,19301,3196
13095,Dougherty County, Georgia,92930,19513
13097,Douglas County, Georgia,131942,23263
13103,Effingham County, Georgia,52301,8880
13105,Elbert County, Georgia,19662,3834
13107,Emanuel County, Georgia,21856,5055
13111,Fannin County, Georgia,23407,3664
13113,Fayette County, Georgia,106532,10261
13115,Floyd County, Georgia,94320,17649
13117,Forsyth County, Georgia,181792,28195
13119,Franklin County, Georgia,21758,3994
13121,Fulton County, Georgia,942738,169769
13123,Gilmer County, Georgia,27991,5407
13127,Glynn County, Georgia,79453,17483
13129,Gordon County, Georgia,54941,12171
13131,Grady County, Georgia,25047,6268
13135,Gwinnett County, Georgia,820464,179932
13137,Habersham County, Georgia,41051,7851
13139,Hall County, Georgia,180535,38427
13143,Haralson County, Georgia,28090,5093
13145,Harris County, Georgia,31839,3432
13147,Hart County, Georgia,24626,5224
13151,Henry County, Georgia,205904,34918
13153,Houston County, Georgia,140226,20237
13157,Jackson County, Georgia,60107,10690
13169,Jones County, Georgia,28401,4593
13175,Laurens County, Georgia,47106,7432
13177,Lee County, Georgia,26876,4316
13179,Liberty County, Georgia,58408,7868
13185,Lowndes County, Georgia,107117,22977
13187,Lumpkin County, Georgia,30053,4990
13189,McDuffie County, Georgia,21423,4285
13195,Madison County, Georgia,27872,5257
13199,Meriwether County, Georgia,21364,4741
13205,Mitchell County, Georgia,21248,4371
13207,Monroe County, Georgia,25379,4093
13213,Murray County, Georgia,39241,8340
13215,Muscogee County, Georgia,180406,28323
13217,Newton County, Georgia,99972,19305
13219,Oconee County, Georgia,33062,2917
13223,Paulding County, Georgia,143053,20062
13225,Peach County, Georgia,27490,6066
13227,Pickens County, Georgia,29095,4740
13233,Polk County, Georgia,40819,8981
13237,Putnam County, Georgia,21068,3170
13245,Richmond County, Georgia,192162,34577
13247,Rockdale County, Georgia,84929,17589
13255,Spalding County, Georgia,63048,12309
13257,Stephens County, Georgia,25892,4591
13261,Sumter County, Georgia,31214,5048
13267,Tattnall County, Georgia,20578,4753
13275,Thomas County, Georgia,43959,9579
13277,Tift County, Georgia,40343,9129
13279,Toombs County, Georgia,27001,6557
13285,Troup County, Georgia,66403,12267
13291,Union County, Georgia,20981,3619
13293,Upson County, Georgia,26378,5052
13295,Walker County, Georgia,67229,11997
13297,Walton County, Georgia,83656,12354
13299,Ware County, Georgia,33666,7314
13303,Washington County, Georgia,19489,3989
13305,Wayne County, Georgia,28117,7096
13311,White County, Georgia,27172,5692
13313,Whitfield County, Georgia,102147,24563
13321,Worth County, Georgia,21591,4912
15001,Hawaii County, Hawaii,185988,17781
15003,Honolulu County, Hawaii,921038,56019
15007,Kauai County, Hawaii,66959,6940
15009,Maui County, Hawaii,155065,15523
16001,Ada County, Idaho,395253,53498
16005,Bannock County, Idaho,82206,12462
16011,Bingham County, Idaho,45444,7827
16013,Blaine County, Idaho,21129,3787
16017,Bonner County, Idaho,40421,7470
16019,Bonneville County, Idaho,104902,14544
16027,Canyon County, Idaho,190257,37402
16031,Cassia County, Idaho,22780,4375
16039,Elmore County, Idaho,24089,3604
16051,Jefferson County, Idaho,26301,3774
16053,Jerome County, Idaho,22370,6414
16055,Kootenai County, Idaho,139907,24761
16057,Latah County, Idaho,37588,3691
16065,Madison County, Idaho,37401,3429
16067,Minidoka County, Idaho,19997,4415
16069,Nez Perce County, Idaho,38763,5670
16075,Payette County, Idaho,22386,5808
16083,Twin Falls County, Idaho,76727,16532
17001,Adams County, Illinois,65883,6543
17007,Boone County, Illinois,53794,6641
17011,Bureau County, Illinois,34207,4051
17019,Champaign County, Illinois,200814,20335
17021,Christian County, Illinois,33101,3509
17027,Clinton County, Illinois,36122,2667
17029,Coles County, Illinois,53033,6374
17031,Cook County, Illinois,5173629,881355
17037,DeKalb County, Illinois,103996,10472
17043,DuPage County, Illinois,917352,87032
17049,Effingham County, Illinois,33869,2986
17051,Fayette County, Illinois,20989,2741
17055,Franklin County, Illinois,39037,4899
17057,Fulton County, Illinois,34799,3104
17063,Grundy County, Illinois,49880,5051
17073,Henry County, Illinois,49568,4291
17075,Iroquois County, Illinois,28869,2735
17077,Jackson County, Illinois,59463,7009
17081,Jefferson County, Illinois,36930,4409
17083,Jersey County, Illinois,22497,2184
17085,Jo Daviess County, Illinois,22474,1993
17089,Kane County, Illinois,515922,69545
17091,Kankakee County, Illinois,111227,13434
17093,Kendall County, Illinois,116349,8827
17095,Knox County, Illinois,49887,5238
17097,Lake County, Illinois,687386,79450
17099,LaSalle County, Illinois,111086,11612
17103,Lee County, Illinois,33225,3233
17105,Livingston County, Illinois,33895,2725
17107,Logan County, Illinois,22912,1856
17109,McDonough County, Illinois,32177,3031
17111,McHenry County, Illinois,307227,27843
17113,McLean County, Illinois,169769,13033
17115,Macon County, Illinois,108290,11763
17117,Macoupin County, Illinois,46966,4753
17119,Madison County, Illinois,265239,26813
17121,Marion County, Illinois,38437,4462
17133,Monroe County, Illinois,32929,2071
17135,Montgomery County, Illinois,24011,1560
17137,Morgan County, Illinois,33889,3474
17141,Ogle County, Illinois,52589,4495
17143,Peoria County, Illinois,184322,20304
17145,Perry County, Illinois,20307,2569
17157,Randolph County, Illinois,30419,2715
17161,Rock Island County, Illinois,145238,15572
17163,St. Clair County, Illinois,263684,29903
17165,Saline County, Illinois,24266,3174
17167,Sangamon County, Illinois,196469,19274
17173,Shelby County, Illinois,22049,2131
17177,Stephenson County, Illinois,46642,4865
17179,Tazewell County, Illinois,133449,11678
17183,Vermilion County, Illinois,79445,9776
17195,Whiteside County, Illinois,57322,6882
17197,Will County, Illinois,675016,63891
17199,Williamson County, Illinois,64789,7563
17201,Winnebago County, Illinois,290398,38171
17203,Woodford County, Illinois,38306,2920
18001,Adams County, Indiana,34008,8693
18003,Allen County, Indiana,354596,53986
18005,Bartholomew County, Indiana,76841,9977
18011,Boone County, Indiana,57287,4843
18015,Carroll County, Indiana,19966,2923
18017,Cass County, Indiana,37932,6781
18019,Clark County, Indiana,109951,15312
18021,Clay County, Indiana,26546,3940
18023,Clinton County, Indiana,32478,5329
18027,Daviess County, Indiana,31459,6825
18029,Dearborn County, Indiana,49420,5469
18031,Decatur County, Indiana,25595,3773
18033,DeKalb County, Indiana,41931,5730
18035,Delaware County, Indiana,115776,15976
18037,Dubois County, Indiana,41346,3864
18039,Elkhart County, Indiana,196294,39147
18041,Fayette County, Indiana,23724,4656
18043,Floyd County, Indiana,74003,9088
18047,Franklin County, Indiana,22912,2523
18049,Fulton County, Indiana,20575,2954
18051,Gibson County, Indiana,33029,3653
18053,Grant County, Indiana,68538,10657
18055,Greene County, Indiana,32757,4877
18057,Hamilton County, Indiana,281448,21588
18059,Hancock County, Indiana,69923,7910
18061,Harrison County, Indiana,38817,4204
18063,Hendricks County, Indiana,144784,12745
18065,Henry County, Indiana,46146,8381
18067,Howard County, Indiana,81873,10665
18069,Huntington County, Indiana,36582,4643
18071,Jackson County, Indiana,42288,6261
18073,Jasper County, Indiana,33095,4052
18075,Jay County, Indiana,21077,2759
18077,Jefferson County, Indiana,31335,4477
18079,Jennings County, Indiana,27986,3967
18081,Johnson County, Indiana,139349,15789
18083,Knox County, Indiana,37419,5982
18085,Kosciusko County, Indiana,76640,12637
18087,LaGrange County, Indiana,37215,17019
18089,Lake County, Indiana,491293,75179
18091,LaPorte County, Indiana,102624,13066
18093,Lawrence County, Indiana,45471,7421
18095,Madison County, Indiana,126230,20061
18097,Marion County, Indiana,901769,156623
18099,Marshall County, Indiana,46576,7516
18103,Miami County, Indiana,34798,5113
18105,Monroe County, Indiana,138968,16347
18107,Montgomery County, Indiana,37728,5069
18109,Morgan County, Indiana,68585,9365
18113,Noble County, Indiana,46792,7201
18119,Owen County, Indiana,21236,3820
18127,Porter County, Indiana,163870,19259
18129,Posey County, Indiana,25485,1904
18133,Putnam County, Indiana,34680,4533
18135,Randolph County, Indiana,25672,3607
18137,Ripley County, Indiana,28334,2987
18141,St. Joseph County, Indiana,264066,37804
18143,Scott County, Indiana,23711,3565
18145,Shelby County, Indiana,43764,7042
18147,Spencer County, Indiana,20714,1978
18149,Starke County, Indiana,23210,3333
18151,Steuben County, Indiana,33824,4281
18153,Sullivan County, Indiana,19084,3213
18157,Tippecanoe County, Indiana,173563,21913
18163,Vanderburgh County, Indiana,177845,23236
18167,Vigo County, Indiana,103891,17023
18169,Wabash County, Indiana,31580,3173
18173,Warrick County, Indiana,59486,5687
18175,Washington County, Indiana,27834,3885
18177,Wayne County, Indiana,67546,13339
18179,Wells County, Indiana,27178,2527
18181,White County, Indiana,24222,2896
18183,Whitley County, Indiana,32881,3071
19011,Benton County, Iowa,25772,1801
19013,Black Hawk County, Iowa,130034,10824
19015,Boone County, Iowa,25693,2184
19017,Bremer County, Iowa,23991,951
19019,Buchanan County, Iowa,20671,1916
19021,Buena Vista County, Iowa,20081,1947
19027,Carroll County, Iowa,20376,1228
19033,Cerro Gordo County, Iowa,43261,3801
19045,Clinton County, Iowa,48531,4229
19049,Dallas County, Iowa,69009,4541
19057,Des Moines County, Iowa,39652,2917
19061,Dubuque County, Iowa,93275,5619
19065,Fayette County, Iowa,20508,2089
19087,Henry County, Iowa,19319,1739
19097,Jackson County, Iowa,19556,1786
19099,Jasper County, Iowa,34945,3080
19103,Johnson County, Iowa,132025,9314
19105,Jones County, Iowa,19291,1106
19111,Lee County, Iowa,34854,4224
19113,Linn County, Iowa,211672,16125
19123,Mahaska County, Iowa,22221,1587
19125,Marion County, Iowa,33012,2010
19127,Marshall County, Iowa,39706,3576
19139,Muscatine County, Iowa,42318,5225
19149,Plymouth County, Iowa,24631,1344
19153,Polk County, Iowa,433187,37030
19155,Pottawattamie County, Iowa,92195,10888
19163,Scott County, Iowa,165507,16930
19167,Sioux County, Iowa,33549,2611
19169,Story County, Iowa,89816,5704
19179,Wapello County, Iowa,35026,4129
19181,Warren County, Iowa,46095,2669
19183,Washington County, Iowa,21510,2222
19187,Webster County, Iowa,36119,4393
19191,Winneshiek County, Iowa,20764,1139
19193,Woodbury County, Iowa,101493,12579
20009,Barton County, Kansas,27292,4231
20015,Butler County, Kansas,64264,6761
20021,Cherokee County, Kansas,21192,3252
20035,Cowley County, Kansas,35181,4300
20037,Crawford County, Kansas,38560,6109
20045,Douglas County, Kansas,111409,15972
20051,Ellis County, Kansas,28438,3291
20055,Finney County, Kansas,36832,6194
20057,Ford County, Kansas,33899,6478
20059,Franklin County, Kansas,25776,2630
20061,Geary County, Kansas,32488,3369
20079,Harvey County, Kansas,34078,3877
20091,Johnson County, Kansas,548684,48970
20099,Labette County, Kansas,21065,3084
20103,Leavenworth County, Kansas,69611,6506
20111,Lyon County, Kansas,33315,5627
20113,McPherson County, Kansas,28630,2485
20121,Miami County, Kansas,32178,3357
20125,Montgomery County, Kansas,34351,5690
20149,Pottawatomie County, Kansas,21486,1709
20155,Reno County, Kansas,62002,9048
20161,Riley County, Kansas,66591,5330
20169,Saline County, Kansas,55137,9473
20173,Sedgwick County, Kansas,494997,73707
20175,Seward County, Kansas,23026,4842
20177,Shawnee County, Kansas,175416,23268
20191,Sumner County, Kansas,23426,2352
20209,Wyandotte County, Kansas,157098,38600
21005,Anderson County, Kentucky,21485,2781
21009,Barren County, Kentucky,41525,6224
21013,Bell County, Kentucky,27651,5722
21015,Boone County, Kentucky,120663,10124
21019,Boyd County, Kentucky,47231,6935
21021,Boyle County, Kentucky,27491,3900
21027,Breckinridge County, Kentucky,19866,3619
21029,Bullitt County, Kentucky,74894,7294
21035,Calloway County, Kentucky,36978,4201
21037,Campbell County, Kentucky,89693,11559
21043,Carter County, Kentucky,27161,4500
21047,Christian County, Kentucky,65951,11391
21049,Clark County, Kentucky,35263,5244
21051,Clay County, Kentucky,19938,3033
21059,Daviess County, Kentucky,95471,12198
21067,Fayette County, Kentucky,295905,42564
21071,Floyd County, Kentucky,38489,7425
21073,Franklin County, Kentucky,48437,6749
21081,Grant County, Kentucky,24263,3202
21083,Graves County, Kentucky,36941,5795
21085,Grayson County, Kentucky,25484,3960
21089,Greenup County, Kentucky,36371,5576
21093,Hardin County, Kentucky,99630,12989
21095,Harlan County, Kentucky,28533,5662
21101,Henderson County, Kentucky,45292,7010
21107,Hopkins County, Kentucky,45954,6878
21111,Jefferson County, Kentucky,737788,100193
21113,Jessamine County, Kentucky,48515,6998
21115,Johnson County, Kentucky,22986,3365
21117,Kenton County, Kentucky,158886,21938
21121,Knox County, Kentucky,31515,4799
21125,Laurel County, Kentucky,58608,11929
21133,Letcher County, Kentucky,24118,3975
21137,Lincoln County, Kentucky,24433,4236
21141,Logan County, Kentucky,26450,4655
21145,McCracken County, Kentucky,64491,9158
21151,Madison County, Kentucky,83313,13130
21157,Marshall County, Kentucky,30847,3457
21163,Meade County, Kentucky,28412,4251
21167,Mercer County, Kentucky,21142,3156
21173,Montgomery County, Kentucky,26347,3598
21177,Muhlenberg County, Kentucky,29986,4640
21179,Nelson County, Kentucky,43674,5937
21183,Ohio County, Kentucky,23655,2856
21185,Oldham County, Kentucky,56428,4289
21193,Perry County, Kentucky,28026,5654
21195,Pike County, Kentucky,63922,9575
21199,Pulaski County, Kentucky,62603,9450
21205,Rowan County, Kentucky,23215,4688
21209,Scott County, Kentucky,47894,4537
21211,Shelby County, Kentucky,41608,5817
21217,Taylor County, Kentucky,24360,4379
21227,Warren County, Kentucky,114461,17131
21231,Wayne County, Kentucky,20529,3868
21235,Whitley County, Kentucky,34963,6081
21239,Woodford County, Kentucky,24883,3859
22001,Acadia Parish, Louisiana,60978,11294
22003,Allen Parish, Louisiana,21542,3674
22005,Ascension Parish, Louisiana,109182,14709
22007,Assumption Parish, Louisiana,22929,3218
22009,Avoyelles Parish, Louisiana,38418,6940
22011,Beauregard Parish, Louisiana,34101,6060
22015,Bossier Parish, Louisiana,115866,18390
22017,Caddo Parish, Louisiana,250768,47073
22019,Calcasieu Parish, Louisiana,191347,32499
22029,Concordia Parish, Louisiana,19121,4247
22031,De Soto Parish, Louisiana,26562,4717
22033,East Baton Rouge Parish, Louisiana,438690,61844
22037,East Feliciana Parish, Louisiana,18036,2684
22039,Evangeline Parish, Louisiana,31340,5020
22041,Franklin Parish, Louisiana,19376,4398
22043,Grant Parish, Louisiana,19024,3761
22045,Iberia Parish, Louisiana,72487,12576
22047,Iberville Parish, Louisiana,29492,4455
22051,Jefferson Parish, Louisiana,429899,80740
22053,Jefferson Davis Parish, Louisiana,30995,4554
22055,Lafayette Parish, Louisiana,222106,37279
22057,Lafourche Parish, Louisiana,95881,17201
22061,Lincoln Parish, Louisiana,46218,8652
22063,Livingston Parish, Louisiana,129430,22127
22067,Morehouse Parish, Louisiana,26797,6854
22069,Natchitoches Parish, Louisiana,38799,7583
22071,Orleans Parish, Louisiana,354225,68021
22073,Ouachita Parish, Louisiana,149470,37809
22075,Plaquemines Parish, Louisiana,22994,2886
22077,Pointe Coupee Parish, Louisiana,22546,3261
22079,Rapides Parish, Louisiana,129124,22995
22083,Richland Parish, Louisiana,19956,7676
22085,Sabine Parish, Louisiana,23917,4428
22087,St. Bernard Parish, Louisiana,38956,5117
22089,St. Charles Parish, Louisiana,52136,6887
22093,St. James Parish, Louisiana,21618,2693
22095,St. John the Baptist Parish, Louisiana,44455,6389
22097,St. Landry Parish, Louisiana,82460,12659
22099,St. Martin Parish, Louisiana,51976,8721
22101,St. Mary Parish, Louisiana,53492,11313
22103,St. Tammany Parish, Louisiana,234438,31292
22105,Tangipahoa Parish, Louisiana,121278,21666
22109,Terrebonne Parish, Louisiana,110408,20408
22111,Union Parish, Louisiana,22253,4336
22113,Vermilion Parish, Louisiana,57821,9266
22115,Vernon Parish, Louisiana,46776,6174
22117,Washington Parish, Louisiana,45278,8093
22119,Webster Parish, Louisiana,40247,7393
22121,West Baton Rouge Parish, Louisiana,23431,3081
23001,Androscoggin County, Maine,106475,9719
23003,Aroostook County, Maine,70391,7677
23005,Cumberland County, Maine,279388,24836
23007,Franklin County, Maine,30534,3667
23009,Hancock County, Maine,54016,8541
23011,Kennebec County, Maine,120719,10456
23013,Knox County, Maine,38699,5193
23015,Lincoln County, Maine,33920,3596
23017,Oxford County, Maine,57184,6677
23019,Penobscot County, Maine,152098,16213
23023,Sagadahoc County, Maine,34942,3059
23025,Somerset County, Maine,51430,5995
23027,Waldo County, Maine,38648,5244
23029,Washington County, Maine,32131,4277
23031,York County, Maine,196559,17609
24001,Allegany County, Maryland,68737,6491
24003,Anne Arundel County, Maryland,525161,41503
24005,Baltimore County, Maryland,803467,75546
24009,Calvert County, Maryland,87926,6069
24011,Caroline County, Maryland,32439,3980
24013,Carroll County, Maryland,165162,9373
24015,Cecil County, Maryland,100148,9722
24017,Charles County, Maryland,146608,11255
24019,Dorchester County, Maryland,32139,3469
24021,Frederick County, Maryland,234669,17518
24023,Garrett County, Maryland,29462,4039
24025,Harford County, Maryland,244313,15773
24027,Howard County, Maryland,291700,21825
24029,Kent County, Maryland,19831,1854
24031,Montgomery County, Maryland,981965,118325
24033,Prince George's County, Maryland,865845,134114
24035,Queen Anne's County, Maryland,47747,2518
24037,St. Mary's County, Maryland,104447,9350
24039,Somerset County, Maryland,21006,2940
24041,Talbot County, Maryland,37559,4366
24043,Washington County, Maryland,141033,13779
24045,Wicomico County, Maryland,98653,11279
24047,Worcester County, Maryland,50855,4679
24510,Baltimore city, Maryland,610750,81855
25001,Barnstable County, Massachusetts,212816,12368
25003,Berkshire County, Massachusetts,128352,4373
25005,Bristol County, Massachusetts,542963,24048
25009,Essex County, Massachusetts,742870,33526
25011,Franklin County, Massachusetts,70744,2775
25013,Hampden County, Massachusetts,459428,22058
25015,Hampshire County, Massachusetts,158110,5048
25017,Middlesex County, Massachusetts,1506698,56805
25021,Norfolk County, Massachusetts,668387,16948
25023,Plymouth County, Massachusetts,490017,18771
25025,Suffolk County, Massachusetts,727146,43456
25027,Worcester County, Massachusetts,791378,30123
26005,Allegan County, Michigan,110974,12360
26007,Alpena County, Michigan,29024,3822
26009,Antrim County, Michigan,23282,3419
26015,Barry County, Michigan,58439,5833
26017,Bay County, Michigan,106454,11698
26021,Berrien County, Michigan,155138,20058
26023,Branch County, Michigan,41995,5659
26025,Calhoun County, Michigan,134055,17417
26027,Cass County, Michigan,52153,7093
26029,Charlevoix County, Michigan,25733,2922
26031,Cheboygan County, Michigan,25708,3839
26033,Chippewa County, Michigan,34834,4859
26035,Clare County, Michigan,30476,4537
26037,Clinton County, Michigan,75059,6527
26041,Delta County, Michigan,36582,4850
26043,Dickinson County, Michigan,25753,2234
26045,Eaton County, Michigan,107286,10766
26047,Emmet County, Michigan,32473,4359
26049,Genesee County, Michigan,419029,44019
26051,Gladwin County, Michigan,25387,3648
26055,Grand Traverse County, Michigan,85856,11687
26057,Gratiot County, Michigan,38004,4452
26059,Hillsdale County, Michigan,46082,7081
26061,Houghton County, Michigan,36166,3767
26063,Huron County, Michigan,32385,3503
26065,Ingham County, Michigan,279755,26561
26067,Ionia County, Michigan,59565,6354
26069,Iosco County, Michigan,25251,3337
26073,Isabella County, Michigan,69912,9056
26075,Jackson County, Michigan,152989,19104
26077,Kalamazoo County, Michigan,250715,25563
26081,Kent County, Michigan,604469,64808
26087,Lapeer County, Michigan,86653,11007
26089,Leelanau County, Michigan,21515,2571
26091,Lenawee County, Michigan,96131,10365
26093,Livingston County, Michigan,181250,15034
26099,Macomb County, Michigan,837431,99231
26101,Manistee County, Michigan,23564,3291
26103,Marquette County, Michigan,65438,8214
26105,Mason County, Michigan,28403,3779
26107,Mecosta County, Michigan,42913,6920
26109,Menominee County, Michigan,23619,3156
26111,Midland County, Michigan,83233,8213
26115,Monroe County, Michigan,150503,13227
26117,Montcalm County, Michigan,60766,8672
26121,Muskegon County, Michigan,165860,19450
26123,Newaygo County, Michigan,47723,6623
26125,Oakland County, Michigan,1205634,123346
26127,Oceana County, Michigan,26267,4045
26129,Ogemaw County, Michigan,21289,2753
26133,Osceola County, Michigan,23110,3414
26137,Otsego County, Michigan,23934,3039
26139,Ottawa County, Michigan,265134,22280
26143,Roscommon County, Michigan,24047,3461
26145,Saginaw County, Michigan,195870,21971
26147,St. Clair County, Michigan,160492,19580
26149,St. Joseph County, Michigan,60388,7860
26151,Sanilac County, Michigan,42371,6231
26155,Shiawassee County, Michigan,69466,7999
26157,Tuscola County, Michigan,54451,6326
26159,Van Buren County, Michigan,75356,10928
26161,Washtenaw County, Michigan,344825,26032
26163,Wayne County, Michigan,1790569,269798
26165,Wexford County, Michigan,32453,4154
27003,Anoka County, Minnesota,330864,26814
27005,Becker County, Minnesota,32372,4068
27007,Beltrami County, Minnesota,44565,6625
27009,Benton County, Minnesota,38230,3760
27013,Blue Earth County, Minnesota,64021,4878
27015,Brown County, Minnesota,25378,1435
27017,Carlton County, Minnesota,34508,3004
27019,Carver County, Minnesota,92293,4815
27021,Cass County, Minnesota,28283,3039
27025,Chisago County, Minnesota,52426,4296
27027,Clay County, Minnesota,59096,4012
27035,Crow Wing County, Minnesota,62027,6238
27037,Dakota County, Minnesota,400368,29497
27039,Dodge County, Minnesota,20072,1459
27041,Douglas County, Minnesota,35785,2943
27045,Fillmore County, Minnesota,20441,2022
27047,Freeborn County, Minnesota,30727,2388
27049,Goodhue County, Minnesota,45471,4158
27053,Hennepin County, Minnesota,1159860,109322
27057,Hubbard County, Minnesota,20262,1925
27059,Isanti County, Minnesota,37762,3479
27061,Itasca County, Minnesota,44502,4259
27067,Kandiyohi County, Minnesota,41665,3774
27079,Le Sueur County, Minnesota,27523,2072
27083,Lyon County, Minnesota,25432,1723
27085,McLeod County, Minnesota,35961,3190
27091,Martin County, Minnesota,20396,1886
27093,Meeker County, Minnesota,22888,2182
27095,Mille Lacs County, Minnesota,25443,2491
27097,Morrison County, Minnesota,32860,2792
27099,Mower County, Minnesota,38883,4359
27103,Nicollet County, Minnesota,32618,1553
27105,Nobles County, Minnesota,21168,2825
27109,Olmsted County, Minnesota,143897,10339
27111,Otter Tail County, Minnesota,56366,4506
27115,Pine County, Minnesota,27929,2976
27119,Polk County, Minnesota,30965,2641
27123,Ramsey County, Minnesota,510614,54159
27131,Rice County, Minnesota,61534,5616
27137,St. Louis County, Minnesota,196673,15797
27139,Scott County, Minnesota,131717,8671
27141,Sherburne County, Minnesota,87394,7377
27145,Stearns County, Minnesota,150062,11472
27147,Steele County, Minnesota,36076,2438
27153,Todd County, Minnesota,24543,3319
27157,Wabasha County, Minnesota,21339,1390
27163,Washington County, Minnesota,239108,13755
27169,Winona County, Minnesota,51076,5157
27171,Wright County, Minnesota,125488,8604
28001,Adams County, Mississippi,30722,6158
28003,Alcorn County, Mississippi,36574,6310
28011,Bolivar County, Mississippi,33202,5919
28025,Clay County, Mississippi,20223,3589
28027,Coahoma County, Mississippi,25567,4923
28029,Copiah County, Mississippi,29028,5890
28031,Covington County, Mississippi,19308,3395
28033,DeSoto County, Mississippi,163081,24390
28035,Forrest County, Mississippi,74876,12887
28039,George County, Mississippi,22331,5140
28043,Grenada County, Mississippi,21383,3649
28045,Hancock County, Mississippi,44431,9564
28047,Harrison County, Mississippi,183249,38404
28049,Hinds County, Mississippi,244759,47432
28057,Itawamba County, Mississippi,23112,2667
28059,Jackson County, Mississippi,138491,26975
28067,Jones County, Mississippi,67399,13542
28071,Lafayette County, Mississippi,47881,7509
28073,Lamar County, Mississippi,56199,9196
28075,Lauderdale County, Mississippi,76566,10852
28079,Leake County, Mississippi,22236,4678
28081,Lee County, Mississippi,82842,12057
28083,Leflore County, Mississippi,30755,6906
28085,Lincoln County, Mississippi,34300,4952
28087,Lowndes County, Mississippi,57746,11515
28089,Madison County, Mississippi,96013,9830
28091,Marion County, Mississippi,25913,4972
28093,Marshall County, Mississippi,35583,6358
28095,Monroe County, Mississippi,36190,4757
28099,Neshoba County, Mississippi,29170,6022
28101,Newton County, Mississippi,21408,3746
28105,Oktibbeha County, Mississippi,47457,6059
28107,Panola County, Mississippi,34357,5493
28109,Pearl River County, Mississippi,54889,12454
28113,Pike County, Mississippi,39739,6949
28115,Pontotoc County, Mississippi,29918,5639
28117,Prentiss County, Mississippi,24986,4412
28121,Rankin County, Mississippi,138394,18236
28123,Scott County, Mississippi,27885,5542
28127,Simpson County, Mississippi,26751,5409
28133,Sunflower County, Mississippi,24825,4804
28137,Tate County, Mississippi,28301,4970
28139,Tippah County, Mississippi,21929,3521
28145,Union County, Mississippi,27049,5239
28149,Warren County, Mississippi,47833,9016
28151,Washington County, Mississippi,49811,10456
28153,Wayne County, Mississippi,20499,3832
28163,Yazoo County, Mississippi,24851,4674
29001,Adair County, Missouri,25253,3399
29007,Audrain County, Missouri,23976,3583
29009,Barry County, Missouri,35294,6539
29019,Boone County, Missouri,164659,16499
29021,Buchanan County, Missouri,86715,13496
29023,Butler County, Missouri,42310,6221
29027,Callaway County, Missouri,42044,5207
29029,Camden County, Missouri,43444,7713
29031,Cape Girardeau County, Missouri,75177,9041
29037,Cass County, Missouri,99052,11002
29043,Christian County, Missouri,78216,10899
29047,Clay County, Missouri,223452,24182
29049,Clinton County, Missouri,20208,2757
29051,Cole County, Missouri,72902,6878
29055,Crawford County, Missouri,24476,3232
29069,Dunklin County, Missouri,31186,5302
29071,Franklin County, Missouri,100689,12236
29077,Greene County, Missouri,273906,41799
29083,Henry County, Missouri,21970,3307
29091,Howell County, Missouri,40112,5691
29095,Jackson County, Missouri,669612,110024
29097,Jasper County, Missouri,115901,21515
29099,Jefferson County, Missouri,218087,24194
29101,Johnson County, Missouri,50059,5705
29105,Laclede County, Missouri,35140,6364
29107,Lafayette County, Missouri,32629,3638
29109,Lawrence County, Missouri,37922,5422
29113,Lincoln County, Missouri,52569,6121
29119,McDonald County, Missouri,22801,5342
29127,Marion County, Missouri,27944,3837
29131,Miller County, Missouri,24520,3578
29141,Morgan County, Missouri,20074,4657
29145,Newton County, Missouri,57954,9815
29147,Nodaway County, Missouri,22469,2286
29159,Pettis County, Missouri,41576,7223
29161,Phelps County, Missouri,44266,5537
29165,Platte County, Missouri,90018,6999
29167,Polk County, Missouri,30676,4173
29169,Pulaski County, Missouri,39742,4623
29175,Randolph County, Missouri,23419,3084
29177,Ray County, Missouri,22930,2264
29183,St. Charles County, Missouri,363327,27624
29187,St. Francois County, Missouri,57505,7765
29189,St. Louis County, Missouri,987336,99084
29195,Saline County, Missouri,22851,2939
29201,Scott County, Missouri,38729,5357
29207,Stoddard County, Missouri,29446,4789
29209,Stone County, Missouri,31624,5930
29213,Taney County, Missouri,52016,11903
29215,Texas County, Missouri,24316,3773
29217,Vernon County, Missouri,20445,3744
29219,Warren County, Missouri,32455,3427
29221,Washington County, Missouri,24069,4240
29225,Webster County, Missouri,35538,8124
29510,St. Louis city, Missouri,313828,59478
30013,Cascade County, Montana,78155,12010
30029,Flathead County, Montana,90491,20039
30031,Gallatin County, Montana,90875,12022
30047,Lake County, Montana,28673,7900
30049,Lewis and Clark County, Montana,63617,6785
30063,Missoula County, Montana,109527,19856
30081,Ravalli County, Montana,40200,8332
30093,Silver Bow County, Montana,33721,6139
30111,Yellowstone County, Montana,147984,23279
31001,Adams County, Nebraska,31027,3938
31019,Buffalo County, Nebraska,46146,4046
31025,Cass County, Nebraska,24813,2151
31043,Dakota County, Nebraska,20717,3403
31047,Dawson County, Nebraska,24060,3513
31053,Dodge County, Nebraska,35981,4234
31055,Douglas County, Nebraska,519152,66985
31067,Gage County, Nebraska,21725,1706
31079,Hall County, Nebraska,58762,10231
31109,Lancaster County, Nebraska,285402,30473
31111,Lincoln County, Nebraska,35753,3955
31119,Madison County, Nebraska,34282,4437
31141,Platte County, Nebraska,32178,3976
31153,Sarpy County, Nebraska,158689,11438
31155,Saunders County, Nebraska,20538,1628
31157,Scotts Bluff County, Nebraska,36467,5666
31177,Washington County, Nebraska,20013,1347
32001,Churchill County, Nevada,23580,4015
32003,Clark County, Nevada,1949811,441334
32005,Douglas County, Nevada,46449,6893
32007,Elko County, Nevada,49256,9466
32019,Lyon County, Nevada,51146,11543
32023,Nye County, Nevada,43104,9121
32031,Washoe County, Nevada,422528,92318
32510,Carson City, Nevada,53093,10766
33001,Belknap County, New Hampshire,59471,7275
33003,Carroll County, New Hampshire,47282,7560
33005,Cheshire County, New Hampshire,76136,8350
33007,Coos County, New Hampshire,31432,4968
33009,Grafton County, New Hampshire,88369,10809
33011,Hillsborough County, New Hampshire,398100,38798
33013,Merrimack County, New Hampshire,143297,14379
33015,Rockingham County, New Hampshire,294431,26218
33017,Strafford County, New Hampshire,122270,15914
33019,Sullivan County, New Hampshire,42991,5379
34001,Atlantic County, New Jersey,271832,36700
34003,Bergen County, New Jersey,907185,112291
34005,Burlington County, New Jersey,435836,35203
34007,Camden County, New Jersey,507635,60937
34009,Cape May County, New Jersey,94467,9948
34011,Cumberland County, New Jersey,146225,23242
34013,Essex County, New Jersey,774496,137516
34015,Gloucester County, New Jersey,287570,24384
34017,Hudson County, New Jersey,640707,139801
34019,Hunterdon County, New Jersey,123810,6607
34021,Mercer County, New Jersey,360572,39766
34023,Middlesex County, New Jersey,807797,110346
34025,Monmouth County, New Jersey,625548,61592
34027,Morris County, New Jersey,491670,41830
34029,Ocean County, New Jersey,573468,51010
34031,Passaic County, New Jersey,498820,94247
34033,Salem County, New Jersey,64966,7483
34035,Somerset County, New Jersey,323243,28424
34037,Sussex County, New Jersey,147013,12760
34039,Union County, New Jersey,536190,86567
34041,Warren County, New Jersey,107183,10054
35001,Bernalillo County, New Mexico,661925,110910
35005,Chaves County, New Mexico,64731,12424
35006,Cibola County, New Mexico,25822,6768
35009,Curry County, New Mexico,47216,7532
35013,DoÒa Ana County, New Mexico,208886,44441
35015,Eddy County, New Mexico,53589,8244
35017,Grant County, New Mexico,29014,4581
35025,Lea County, New Mexico,63843,14183
35027,Lincoln County, New Mexico,20212,3247
35029,Luna County, New Mexico,24781,5750
35031,McKinley County, New Mexico,72325,26476
35035,Otero County, New Mexico,61638,11289
35039,Rio Arriba County, New Mexico,40026,8434
35041,Roosevelt County, New Mexico,19947,3707
35043,Sandoval County, New Mexico,133314,19224
35045,San Juan County, New Mexico,127558,36731
35047,San Miguel County, New Mexico,28566,5435
35049,Santa Fe County, New Mexico,143361,29931
35055,Taos County, New Mexico,32617,6523
35061,Valencia County, New Mexico,74894,12199
36001,Albany County, New York,301301,21691
36003,Allegany County, New York,48219,4612
36005,Bronx County, New York,1373299,214482
36007,Broome County, New York,196384,17851
36009,Cattaraugus County, New York,79081,10083
36011,Cayuga County, New York,76437,8063
36013,Chautauqua County, New York,131573,11448
36015,Chemung County, New York,84319,7268
36017,Chenango County, New York,49581,5680
36019,Clinton County, New York,77360,5308
36021,Columbia County, New York,60793,5758
36023,Cortland County, New York,48956,3756
36025,Delaware County, New York,46977,4770
36027,Dutchess County, New York,290025,26886
36029,Erie County, New York,907425,63289
36031,Essex County, New York,36790,3688
36033,Franklin County, New York,46514,5345
36035,Fulton County, New York,54029,5939
36037,Genesee County, New York,59318,5644
36039,Greene County, New York,45790,4480
36043,Herkimer County, New York,63781,6210
36045,Jefferson County, New York,106421,10221
36047,Kings County, New York,2526960,354362
36049,Lewis County, New York,26760,2927
36051,Livingston County, New York,62458,3938
36053,Madison County, New York,72124,5183
36055,Monroe County, New York,739090,53896
36057,Montgomery County, New York,49317,5732
36059,Nassau County, New York,1334904,122804
36061,New York County, New York,1592812,172043
36063,Niagara County, New York,213549,16241
36065,Oneida County, New York,225634,16772
36067,Onondaga County, New York,461720,38767
36069,Ontario County, New York,107277,8851
36071,Orange County, New York,363562,36199
36073,Orleans County, New York,39985,3860
36075,Oswego County, New York,120995,10327
36077,Otsego County, New York,61321,4991
36079,Putnam County, New York,99154,9162
36081,Queens County, New York,2239821,408666
36083,Rensselaer County, New York,157764,10864
36085,Richmond County, New York,465978,35776
36087,Rockland County, New York,312548,31471
36089,St. Lawrence County, New York,108558,12992
36091,Saratoga County, New York,217357,14201
36093,Schenectady County, New York,153317,12797
36095,Schoharie County, New York,32269,2662
36099,Seneca County, New York,32609,4251
36101,Steuben County, New York,97921,11651
36103,Suffolk County, New York,1484172,151251
36105,Sullivan County, New York,75210,10389
36107,Tioga County, New York,50507,4415
36109,Tompkins County, New York,101132,6006
36111,Ulster County, New York,177804,19626
36113,Warren County, New York,64983,6164
36115,Washington County, New York,59855,6137
36117,Wayne County, New York,92078,9092
36119,Westchester County, New York,942885,105179
36121,Wyoming County, New York,38314,3694
36123,Yates County, New York,24977,4581
37001,Alamance County, North Carolina,151650,26788
37003,Alexander County, North Carolina,36255,5270
37007,Anson County, North Carolina,24514,4357
37009,Ashe County, North Carolina,26904,4847
37013,Beaufort County, North Carolina,47264,8133
37015,Bertie County, North Carolina,19790,2598
37017,Bladen County, North Carolina,34487,6983
37019,Brunswick County, North Carolina,109378,17061
37021,Buncombe County, North Carolina,237559,42297
37023,Burke County, North Carolina,88136,14555
37025,Cabarrus County, North Carolina,179975,30968
37027,Caldwell County, North Carolina,81448,13325
37031,Carteret County, North Carolina,65487,11667
37033,Caswell County, North Carolina,22244,3547
37035,Catawba County, North Carolina,152849,24118
37037,Chatham County, North Carolina,64306,9790
37039,Cherokee County, North Carolina,26944,5512
37045,Cleveland County, North Carolina,97086,15682
37047,Columbus County, North Carolina,54982,11470
37049,Craven County, North Carolina,97042,15111
37051,Cumberland County, North Carolina,294658,43411
37053,Currituck County, North Carolina,23503,4225
37055,Dare County, North Carolina,34101,6835
37057,Davidson County, North Carolina,161383,24991
37059,Davie County, North Carolina,40988,5229
37061,Duplin County, North Carolina,58730,14084
37063,Durham County, North Carolina,268316,46576
37065,Edgecombe County, North Carolina,54955,11212
37067,Forsyth County, North Carolina,351459,59310
37069,Franklin County, North Carolina,60084,11159
37071,Gaston County, North Carolina,204919,37297
37077,Granville County, North Carolina,56750,8592
37079,Greene County, North Carolina,19409,3372
37081,Guilford County, North Carolina,491815,82729
37083,Halifax County, North Carolina,52819,8884
37085,Harnett County, North Carolina,113479,18951
37087,Haywood County, North Carolina,58165,9482
37089,Henderson County, North Carolina,106460,18740
37091,Hertford County, North Carolina,22978,3775
37093,Hoke County, North Carolina,45016,6846
37097,Iredell County, North Carolina,159824,24477
37099,Jackson County, North Carolina,40015,7479
37101,Johnston County, North Carolina,170691,29117
37105,Lee County, North Carolina,57535,11010
37107,Lenoir County, North Carolina,58478,10755
37109,Lincoln County, North Carolina,78256,12151
37111,McDowell County, North Carolina,44152,6609
37113,Macon County, North Carolina,33603,7078
37115,Madison County, North Carolina,20543,3001
37117,Martin County, North Carolina,24131,4863
37119,Mecklenburg County, North Carolina,940130,158548
37123,Montgomery County, North Carolina,26675,5141
37125,Moore County, North Carolina,87527,10491
37127,Nash County, North Carolina,94227,15712
37129,New Hanover County, North Carolina,203910,32775
37131,Northampton County, North Carolina,21083,3708
37133,Onslow County, North Carolina,149315,20990
37135,Orange County, North Carolina,134985,16171
37139,Pasquotank County, North Carolina,38887,7014
37141,Pender County, North Carolina,51464,9725
37145,Person County, North Carolina,39051,6143
37147,Pitt County, North Carolina,169236,25499
37149,Polk County, North Carolina,20056,2935
37151,Randolph County, North Carolina,141040,25089
37153,Richmond County, North Carolina,45283,8780
37155,Robeson County, North Carolina,132243,31251
37157,Rockingham County, North Carolina,92278,13664
37159,Rowan County, North Carolina,135106,25570
37161,Rutherford County, North Carolina,66382,11796
37163,Sampson County, North Carolina,63050,12175
37165,Scotland County, North Carolina,34694,5607
37167,Stanly County, North Carolina,59076,8449
37169,Stokes County, North Carolina,46691,6670
37171,Surry County, North Carolina,72828,13488
37175,Transylvania County, North Carolina,32487,5269
37179,Union County, North Carolina,204350,28960
37181,Vance County, North Carolina,44783,7870
37183,Wake County, North Carolina,921088,129423
37185,Warren County, North Carolina,19975,3641
37189,Watauga County, North Carolina,51199,6631
37191,Wayne County, North Carolina,118695,20272
37193,Wilkes County, North Carolina,68257,12251
37195,Wilson County, North Carolina,80437,15640
37197,Yadkin County, North Carolina,37920,5670
38015,Burleigh County, North Dakota,81885,6441
38017,Cass County, North Dakota,151770,14106
38035,Grand Forks County, North Dakota,65440,5168
38059,Morton County, North Dakota,27316,1795
38089,Stark County, North Dakota,24988,2093
38093,Stutsman County, North Dakota,20087,1635
38101,Ward County, North Dakota,60225,5787
38105,Williams County, North Dakota,24258,2468
39001,Adams County, Ohio,28227,5491
39003,Allen County, Ohio,102944,12370
39005,Ashland County, Ohio,52444,8823
39007,Ashtabula County, Ohio,97915,13505
39009,Athens County, Ohio,63970,6626
39011,Auglaize County, Ohio,45260,4054
39013,Belmont County, Ohio,66245,7219
39015,Brown County, Ohio,44141,6836
39017,Butler County, Ohio,366519,38535
39019,Carroll County, Ohio,28446,4284
39021,Champaign County, Ohio,39313,4325
39023,Clark County, Ohio,135939,16567
39025,Clermont County, Ohio,197212,22265
39027,Clinton County, Ohio,41608,5222
39029,Columbiana County, Ohio,103546,13135
39031,Coshocton County, Ohio,36498,6176
39033,Crawford County, Ohio,42780,5145
39035,Cuyahoga County, Ohio,1255300,149555
39037,Darke County, Ohio,52187,6615
39039,Defiance County, Ohio,38558,4423
39041,Delaware County, Ohio,177268,8166
39043,Erie County, Ohio,75649,8235
39045,Fairfield County, Ohio,144363,13732
39047,Fayette County, Ohio,28452,4851
39049,Franklin County, Ohio,1172709,155889
39051,Fulton County, Ohio,42186,3430
39053,Gallia County, Ohio,30419,4674
39055,Geauga County, Ohio,92827,10636
39057,Greene County, Ohio,159185,12850
39059,Guernsey County, Ohio,39472,5366
39061,Hamilton County, Ohio,792469,93087
39063,Hancock County, Ohio,74409,8972
39065,Hardin County, Ohio,31615,4654
39069,Henry County, Ohio,27776,3017
39071,Highland County, Ohio,42944,7934
39073,Hocking County, Ohio,28689,3693
39075,Holmes County, Ohio,41959,19445
39077,Huron County, Ohio,58881,6243
39079,Jackson County, Ohio,32823,4205
39081,Jefferson County, Ohio,68248,7974
39083,Knox County, Ohio,60374,9622
39085,Lake County, Ohio,227865,22381
39087,Lawrence County, Ohio,61755,7731
39089,Licking County, Ohio,165828,18855
39091,Logan County, Ohio,45237,6390
39093,Lorain County, Ohio,294577,29719
39095,Lucas County, Ohio,434613,55817
39097,Madison County, Ohio,38979,5339
39099,Mahoning County, Ohio,230901,25448
39101,Marion County, Ohio,60697,8290
39103,Medina County, Ohio,172049,15371
39105,Meigs County, Ohio,23472,3779
39107,Mercer County, Ohio,40473,3626
39109,Miami County, Ohio,101899,11516
39113,Montgomery County, Ohio,526374,65748
39117,Morrow County, Ohio,34491,4067
39119,Muskingum County, Ohio,85167,11055
39123,Ottawa County, Ohio,40826,4235
39127,Perry County, Ohio,35830,4637
39129,Pickaway County, Ohio,52137,5406
39131,Pike County, Ohio,28223,4167
39133,Portage County, Ohio,160471,17612
39135,Preble County, Ohio,41679,5310
39137,Putnam County, Ohio,34031,1805
39139,Richland County, Ohio,116663,13959
39141,Ross County, Ohio,71768,9164
39143,Sandusky County, Ohio,59788,6506
39145,Scioto County, Ohio,76219,12048
39147,Seneca County, Ohio,55537,6155
39149,Shelby County, Ohio,48808,5075
39151,Stark County, Ohio,370142,44595
39153,Summit County, Ohio,536067,62084
39155,Trumbull County, Ohio,204973,27267
39157,Tuscarawas County, Ohio,91395,11542
39159,Union County, Ohio,49357,4015
39161,Van Wert County, Ohio,28395,2566
39165,Warren County, Ohio,210233,15118
39167,Washington County, Ohio,60860,7020
39169,Wayne County, Ohio,113423,17586
39171,Williams County, Ohio,36509,4224
39173,Wood County, Ohio,125802,9940
39175,Wyandot County, Ohio,22271,2306
40001,Adair County, Oklahoma,22334,6417
40009,Beckham County, Oklahoma,20391,4026
40013,Bryan County, Oklahoma,42634,9681
40015,Caddo County, Oklahoma,27891,6790
40017,Canadian County, Oklahoma,117331,13789
40019,Carter County, Oklahoma,47204,9174
40021,Cherokee County, Oklahoma,47142,12316
40027,Cleveland County, Oklahoma,255828,35421
40031,Comanche County, Oklahoma,111893,18371
40037,Creek County, Oklahoma,69754,13720
40039,Custer County, Oklahoma,27451,6513
40041,Delaware County, Oklahoma,41039,9044
40047,Garfield County, Oklahoma,58621,9498
40049,Garvin County, Oklahoma,27094,5628
40051,Grady County, Oklahoma,52142,9130
40065,Jackson County, Oklahoma,24690,4519
40071,Kay County, Oklahoma,45409,8628
40079,Le Flore County, Oklahoma,49033,11911
40081,Lincoln County, Oklahoma,33903,6467
40083,Logan County, Oklahoma,42602,7191
40087,McClain County, Oklahoma,34927,5469
40089,McCurtain County, Oklahoma,32708,8084
40091,McIntosh County, Oklahoma,20110,4296
40097,Mayes County, Oklahoma,40846,9089
40101,Muskogee County, Oklahoma,68034,14618
40109,Oklahoma County, Oklahoma,720267,142927
40111,Okmulgee County, Oklahoma,39324,6691
40113,Osage County, Oklahoma,46320,7992
40115,Ottawa County, Oklahoma,31559,6439
40119,Payne County, Oklahoma,76632,11238
40121,Pittsburg County, Oklahoma,43263,8385
40123,Pontotoc County, Oklahoma,37301,7616
40125,Pottawatomie County, Oklahoma,68139,12587
40131,Rogers County, Oklahoma,86881,11498
40133,Seminole County, Oklahoma,25086,5885
40135,Sequoyah County, Oklahoma,41523,9695
40137,Stephens County, Oklahoma,44392,7103
40139,Texas County, Oklahoma,21013,4832
40143,Tulsa County, Oklahoma,603662,113880
40145,Wagoner County, Oklahoma,73926,11475
40147,Washington County, Oklahoma,51017,7858
41003,Benton County, Oregon,85683,10240
41005,Clackamas County, Oregon,378547,46105
41007,Clatsop County, Oregon,36368,6976
41009,Columbia County, Oregon,49001,6268
41011,Coos County, Oregon,61776,9624
41013,Crook County, Oregon,20638,3241
41015,Curry County, Oregon,22191,4303
41017,Deschutes County, Oregon,159273,27720
41019,Douglas County, Oregon,106747,17488
41027,Hood River County, Oregon,22395,4316
41029,Jackson County, Oregon,203704,39841
41031,Jefferson County, Oregon,20753,4464
41033,Josephine County, Oregon,81961,14125
41035,Klamath County, Oregon,65710,11400
41039,Lane County, Oregon,351526,57247
41041,Lincoln County, Oregon,45639,8760
41043,Linn County, Oregon,116942,19602
41045,Malheur County, Oregon,28167,5985
41047,Marion County, Oregon,312424,58250
41051,Multnomah County, Oregon,742231,121847
41053,Polk County, Oregon,75622,8847
41057,Tillamook County, Oregon,24493,3637
41059,Umatilla County, Oregon,72707,13887
41061,Union County, Oregon,25434,4029
41065,Wasco County, Oregon,24883,5396
41067,Washington County, Oregon,536219,75067
41071,Yamhill County, Oregon,97614,14913
42001,Adams County, Pennsylvania,100101,9564
42003,Allegheny County, Pennsylvania,1211712,97088
42005,Armstrong County, Pennsylvania,68114,5913
42007,Beaver County, Pennsylvania,168768,13072
42009,Bedford County, Pennsylvania,48912,6053
42011,Berks County, Pennsylvania,407798,41052
42013,Blair County, Pennsylvania,125228,12308
42015,Bradford County, Pennsylvania,62183,7715
42017,Bucks County, Pennsylvania,620599,41442
42019,Butler County, Pennsylvania,182265,14006
42021,Cambria County, Pennsylvania,137904,11621
42025,Carbon County, Pennsylvania,64367,7472
42027,Centre County, Pennsylvania,151887,11181
42029,Chester County, Pennsylvania,498340,41481
42031,Clarion County, Pennsylvania,39414,4139
42033,Clearfield County, Pennsylvania,76789,7618
42035,Clinton County, Pennsylvania,38797,4260
42037,Columbia County, Pennsylvania,66257,4961
42039,Crawford County, Pennsylvania,86308,11893
42041,Cumberland County, Pennsylvania,230813,17296
42043,Dauphin County, Pennsylvania,265112,26885
42045,Delaware County, Pennsylvania,552341,48613
42047,Elk County, Pennsylvania,31408,2258
42049,Erie County, Pennsylvania,275436,25140
42051,Fayette County, Pennsylvania,132951,15292
42055,Franklin County, Pennsylvania,149191,19550
42059,Greene County, Pennsylvania,34421,3107
42061,Huntingdon County, Pennsylvania,42117,3900
42063,Indiana County, Pennsylvania,86993,9271
42065,Jefferson County, Pennsylvania,44486,5428
42067,Juniata County, Pennsylvania,24469,3452
42069,Lackawanna County, Pennsylvania,211106,20391
42071,Lancaster County, Pennsylvania,516880,70263
42073,Lawrence County, Pennsylvania,89291,8845
42075,Lebanon County, Pennsylvania,132653,14694
42077,Lehigh County, Pennsylvania,348325,39974
42079,Luzerne County, Pennsylvania,313683,31115
42081,Lycoming County, Pennsylvania,113823,12116
42083,McKean County, Pennsylvania,41132,3751
42085,Mercer County, Pennsylvania,112498,11170
42087,Mifflin County, Pennsylvania,46228,8638
42089,Monroe County, Pennsylvania,168511,21176
42091,Montgomery County, Pennsylvania,792452,52878
42095,Northampton County, Pennsylvania,295393,26219
42097,Northumberland County, Pennsylvania,89891,9835
42099,Perry County, Pennsylvania,45372,5739
42101,Philadelphia County, Pennsylvania,1522630,219339
42103,Pike County, Pennsylvania,56876,6736
42107,Schuylkill County, Pennsylvania,140888,14263
42109,Snyder County, Pennsylvania,39352,5412
42111,Somerset County, Pennsylvania,73217,7822
42115,Susquehanna County, Pennsylvania,42658,5345
42117,Tioga County, Pennsylvania,41887,5239
42119,Union County, Pennsylvania,39582,4531
42121,Venango County, Pennsylvania,53863,5509
42123,Warren County, Pennsylvania,40738,4108
42125,Washington County, Pennsylvania,206485,16795
42127,Wayne County, Pennsylvania,48983,5949
42129,Westmoreland County, Pennsylvania,359776,27221
42131,Wyoming County, Pennsylvania,27824,2709
42133,York County, Pennsylvania,431987,40097
44001,Bristol County, Rhode Island,48719,4313
44003,Kent County, Rhode Island,163968,13941
44005,Newport County, Rhode Island,79830,6982
44007,Providence County, Rhode Island,617610,84303
44009,Washington County, Rhode Island,125238,9086
45001,Abbeville County, South Carolina,24991,3575
45003,Aiken County, South Carolina,160236,25095
45007,Anderson County, South Carolina,186698,30226
45011,Barnwell County, South Carolina,22150,3212
45013,Beaufort County, South Carolina,156341,28188
45015,Berkeley County, South Carolina,178189,33535
45019,Charleston County, South Carolina,351053,59977
45021,Cherokee County, South Carolina,55071,9501
45023,Chester County, South Carolina,32573,5360
45025,Chesterfield County, South Carolina,45954,9031
45027,Clarendon County, South Carolina,33090,6818
45029,Colleton County, South Carolina,38082,7887
45031,Darlington County, South Carolina,67589,12274
45033,Dillon County, South Carolina,31336,6239
45035,Dorchester County, South Carolina,136908,20166
45037,Edgefield County, South Carolina,24007,3678
45039,Fairfield County, South Carolina,23256,3418
45041,Florence County, South Carolina,135760,21400
45043,Georgetown County, South Carolina,59585,13225
45045,Greenville County, South Carolina,455680,75301
45047,Greenwood County, South Carolina,68296,12912
45049,Hampton County, South Carolina,19486,3265
45051,Horry County, South Carolina,274797,65261
45053,Jasper County, South Carolina,24334,6357
45055,Kershaw County, South Carolina,61533,10401
45057,Lancaster County, South Carolina,76307,12883
45059,Laurens County, South Carolina,65326,11449
45063,Lexington County, South Carolina,263961,38625
45067,Marion County, South Carolina,32423,6523
45069,Marlboro County, South Carolina,25331,4547
45071,Newberry County, South Carolina,37041,5137
45073,Oconee County, South Carolina,73856,12849
45075,Orangeburg County, South Carolina,91001,18140
45077,Pickens County, South Carolina,118728,16415
45079,Richland County, South Carolina,365733,50249
45083,Spartanburg County, South Carolina,282357,50609
45085,Sumter County, South Carolina,103606,17570
45087,Union County, South Carolina,28163,4242
45089,Williamsburg County, South Carolina,32256,7984
45091,York County, South Carolina,228892,34179
46011,Brookings County, South Dakota,32095,2937
46013,Brown County, South Dakota,36328,2586
46029,Codington County, South Dakota,27125,2371
46081,Lawrence County, South Dakota,24046,3581
46083,Lincoln County, South Dakota,46461,2519
46093,Meade County, South Dakota,24408,2268
46099,Minnehaha County, South Dakota,169317,18151
46103,Pennington County, South Dakota,99692,13460
46135,Yankton County, South Dakota,20978,2184
47001,Anderson County, Tennessee,74420,9380
47003,Bedford County, Tennessee,44981,7434
47009,Blount County, Tennessee,122481,15714
47011,Bradley County, Tennessee,99249,13722
47013,Campbell County, Tennessee,40048,5883
47017,Carroll County, Tennessee,27975,3741
47019,Carter County, Tennessee,56342,8358
47021,Cheatham County, Tennessee,38781,5351
47025,Claiborne County, Tennessee,31574,3561
47029,Cocke County, Tennessee,35247,6473
47031,Coffee County, Tennessee,52345,8135
47035,Cumberland County, Tennessee,56095,9275
47037,Davidson County, Tennessee,628037,107807
47043,Dickson County, Tennessee,49706,5830
47045,Dyer County, Tennessee,37749,4463
47047,Fayette County, Tennessee,38107,4065
47051,Franklin County, Tennessee,40450,4555
47053,Gibson County, Tennessee,48786,7188
47055,Giles County, Tennessee,28922,4457
47057,Grainger County, Tennessee,22518,2988
47059,Greene County, Tennessee,67762,9405
47063,Hamblen County, Tennessee,62043,10092
47065,Hamilton County, Tennessee,337705,44132
47069,Hardeman County, Tennessee,23645,3722
47071,Hardin County, Tennessee,25588,3904
47073,Hawkins County, Tennessee,56175,6460
47077,Henderson County, Tennessee,27663,3540
47079,Henry County, Tennessee,31659,4739
47081,Hickman County, Tennessee,22936,4226
47089,Jefferson County, Tennessee,51099,7843
47093,Knox County, Tennessee,433399,51226
47097,Lauderdale County, Tennessee,24914,4599
47099,Lawrence County, Tennessee,41635,7056
47103,Lincoln County, Tennessee,33058,4164
47105,Loudon County, Tennessee,48784,5491
47107,McMinn County, Tennessee,51456,7636
47109,McNairy County, Tennessee,25764,3887
47111,Macon County, Tennessee,22120,3955
47113,Madison County, Tennessee,97083,14280
47115,Marion County, Tennessee,27960,4373
47117,Marshall County, Tennessee,30522,5394
47119,Maury County, Tennessee,80272,10040
47123,Monroe County, Tennessee,44369,7277
47125,Montgomery County, Tennessee,166643,20850
47129,Morgan County, Tennessee,18753,2405
47131,Obion County, Tennessee,31116,4757
47133,Overton County, Tennessee,21871,2571
47141,Putnam County, Tennessee,72162,11832
47143,Rhea County, Tennessee,31647,4257
47145,Roane County, Tennessee,53296,6720
47147,Robertson County, Tennessee,66115,8732
47149,Rutherford County, Tennessee,266635,35598
47151,Scott County, Tennessee,21946,4601
47155,Sevier County, Tennessee,90578,19161
47157,Shelby County, Tennessee,922765,147722
47163,Sullivan County, Tennessee,154915,19950
47165,Sumner County, Tennessee,162217,20372
47167,Tipton County, Tennessee,60317,7047
47177,Warren County, Tennessee,39359,6719
47179,Washington County, Tennessee,122504,15671
47183,Weakley County, Tennessee,34355,4529
47185,White County, Tennessee,25639,3826
47187,Williamson County, Tennessee,187792,11898
47189,Wilson County, Tennessee,115866,13234
48001,Anderson County, Texas,46817,10500
48005,Angelina County, Texas,84788,16239
48007,Aransas County, Texas,23071,4677
48013,Atascosa County, Texas,45247,9746
48015,Austin County, Texas,28341,5583
48019,Bandera County, Texas,20357,4385
48021,Bastrop County, Texas,72500,15884
48025,Bee County, Texas,24340,4975
48027,Bell County, Texas,291773,47332
48029,Bexar County, Texas,1717375,348188
48037,Bowie County, Texas,88027,16591
48039,Brazoria County, Texas,309369,61885
48041,Brazos County, Texas,194118,31278
48049,Brown County, Texas,36710,7023
48053,Burnet County, Texas,42784,8599
48055,Caldwell County, Texas,36158,9416
48057,Calhoun County, Texas,21228,3617
48061,Cameron County, Texas,409149,140401
48067,Cass County, Texas,29828,6313
48071,Chambers County, Texas,35386,5684
48073,Cherokee County, Texas,48829,11845
48085,Collin County, Texas,808959,120776
48089,Colorado County, Texas,20420,4682
48091,Comal County, Texas,110716,18205
48097,Cooke County, Texas,37906,8061
48099,Coryell County, Texas,61250,6733
48113,Dallas County, Texas,2389874,662346
48121,Denton County, Texas,682501,109161
48123,DeWitt County, Texas,18523,4007
48135,Ector County, Texas,138957,39205
48139,Ellis County, Texas,151116,29360
48141,El Paso County, Texas,792650,223269
48143,Erath County, Texas,38278,9805
48147,Fannin County, Texas,31239,6262
48149,Fayette County, Texas,24215,3816
48157,Fort Bend County, Texas,603254,111791
48167,Galveston County, Texas,292244,51487
48171,Gillespie County, Texas,24561,4492
48179,Gray County, Texas,20908,4653
48181,Grayson County, Texas,120080,25163
48183,Gregg County, Texas,120197,26486
48185,Grimes County, Texas,23559,4537
48187,Guadalupe County, Texas,133654,21172
48189,Hale County, Texas,33704,7076
48199,Hardin County, Texas,54608,9875
48201,Harris County, Texas,4157279,1101813
48203,Harrison County, Texas,65921,14883
48209,Hays County, Texas,162037,29467
48213,Henderson County, Texas,77994,18719
48215,Hidalgo County, Texas,787649,287687
48217,Hill County, Texas,34478,7367
48219,Hockley County, Texas,22814,5283
48221,Hood County, Texas,50948,10573
48223,Hopkins County, Texas,34753,8572
48225,Houston County, Texas,20829,4618
48227,Howard County, Texas,29733,6371
48231,Hunt County, Texas,85799,19123
48233,Hutchinson County, Texas,21779,4955
48241,Jasper County, Texas,35050,8732
48245,Jefferson County, Texas,237586,56121
48249,Jim Wells County, Texas,40767,9644
48251,Johnson County, Texas,149851,35359
48253,Jones County, Texas,12916,2528
48257,Kaufman County, Texas,104218,22223
48259,Kendall County, Texas,34307,5033
48265,Kerr County, Texas,48720,9653
48273,Kleberg County, Texas,31274,7737
48277,Lamar County, Texas,48968,9563
48281,Lampasas County, Texas,19265,4050
48291,Liberty County, Texas,70287,17508
48293,Limestone County, Texas,22349,5238
48303,Lubbock County, Texas,279008,51948
48309,McLennan County, Texas,233321,44672
48321,Matagorda County, Texas,36172,9247
48323,Maverick County, Texas,54321,19949
48325,Medina County, Texas,43544,7876
48329,Midland County, Texas,140206,30494
48331,Milam County, Texas,24086,4588
48339,Montgomery County, Texas,469747,91001
48341,Moore County, Texas,21922,5278
48347,Nacogdoches County, Texas,64557,15214
48349,Navarro County, Texas,47193,11377
48355,Nueces County, Texas,338903,70223
48361,Orange County, Texas,81774,17371
48363,Palo Pinto County, Texas,27697,6812
48365,Panola County, Texas,23655,4096
48367,Parker County, Texas,115462,21443
48373,Polk County, Texas,41047,8894
48375,Potter County, Texas,116890,32384
48381,Randall County, Texas,122416,19995
48397,Rockwall County, Texas,80374,12213
48401,Rusk County, Texas,48852,10706
48407,San Jacinto County, Texas,26651,6228
48409,San Patricio County, Texas,63945,13809
48419,Shelby County, Texas,25399,7117
48423,Smith County, Texas,210513,45125
48427,Starr County, Texas,60914,24406
48439,Tarrant County, Texas,1832366,398135
48441,Taylor County, Texas,128544,24748
48449,Titus County, Texas,32210,8410
48451,Tom Green County, Texas,106723,21533
48453,Travis County, Texas,1055358,210238
48457,Tyler County, Texas,19478,4072
48459,Upshur County, Texas,39172,8219
48463,Uvalde County, Texas,26200,6348
48465,Val Verde County, Texas,46569,11597
48467,Van Zandt County, Texas,51826,12243
48469,Victoria County, Texas,86797,18489
48471,Walker County, Texas,50043,8771
48473,Waller County, Texas,43685,12050
48477,Washington County, Texas,33307,5679
48479,Webb County, Texas,252899,89402
48481,Wharton County, Texas,40991,10262
48485,Wichita County, Texas,118243,23291
48489,Willacy County, Texas,19443,6083
48491,Williamson County, Texas,438046,65983
48493,Wilson County, Texas,43106,6752
48497,Wise County, Texas,58914,12520
48499,Wood County, Texas,40958,7898
49003,Box Elder County, Utah,49742,5251
49005,Cache County, Utah,113857,14389
49007,Carbon County, Utah,21131,2765
49011,Davis County, Utah,308757,29239
49021,Iron County, Utah,46055,10574
49035,Salt Lake County, Utah,1039472,171605
49039,Sanpete County, Utah,25753,4707
49041,Sevier County, Utah,20276,3886
49043,Summit County, Utah,37198,5048
49045,Tooele County, Utah,58368,6319
49047,Uintah County, Utah,33054,6489
49049,Utah County, Utah,526722,71788
49051,Wasatch County, Utah,24291,4076
49053,Washington County, Utah,140327,24009
49057,Weber County, Utah,231552,37378
50001,Addison County, Vermont,36597,2685
50003,Bennington County, Vermont,36340,2177
50005,Caledonia County, Vermont,30742,2735
50007,Chittenden County, Vermont,156573,8537
50011,Franklin County, Vermont,47530,3513
50015,Lamoille County, Vermont,24578,2589
50017,Orange County, Vermont,28878,2311
50019,Orleans County, Vermont,26544,2684
50021,Rutland County, Vermont,60526,4604
50023,Washington County, Vermont,59022,4119
50025,Windham County, Vermont,43795,3187
50027,Windsor County, Vermont,55606,3722
51001,Accomack County, Virginia,32838,6280
51003,Albemarle County, Virginia,99517,8894
51009,Amherst County, Virginia,31834,4548
51013,Arlington County, Virginia,211430,24661
51015,Augusta County, Virginia,69643,8069
51019,Bedford County, Virginia,68982,6948
51023,Botetourt County, Virginia,32775,1689
51027,Buchanan County, Virginia,22920,2550
51031,Campbell County, Virginia,54577,7853
51033,Caroline County, Virginia,27071,4243
51035,Carroll County, Virginia,29779,4833
51041,Chesterfield County, Virginia,317354,35692
51047,Culpeper County, Virginia,45649,6528
51053,Dinwiddie County, Virginia,27610,4578
51059,Fairfax County, Virginia,1089004,139929
51061,Fauquier County, Virginia,65511,6609
51065,Fluvanna County, Virginia,24463,2298
51067,Franklin County, Virginia,56020,7773
51069,Frederick County, Virginia,78221,8792
51073,Gloucester County, Virginia,36226,4080
51075,Goochland County, Virginia,19621,1398
51083,Halifax County, Virginia,35276,5281
51085,Hanover County, Virginia,99361,5862
51087,Henrico County, Virginia,308402,38850
51089,Henry County, Virginia,52890,9315
51093,Isle of Wight County, Virginia,34917,3374
51095,James City County, Virginia,66542,4701
51099,King George County, Virginia,23529,1238
51105,Lee County, Virginia,24174,3757
51107,Loudoun County, Virginia,324507,29484
51109,Louisa County, Virginia,33275,5327
51117,Mecklenburg County, Virginia,30688,4376
51121,Montgomery County, Virginia,94296,8843
51137,Orange County, Virginia,33404,4521
51139,Page County, Virginia,23781,3883
51143,Pittsylvania County, Virginia,62364,8873
51145,Powhatan County, Virginia,25044,2051
51147,Prince Edward County, Virginia,22320,3243
51149,Prince George County, Virginia,30534,2692
51153,Prince William County, Virginia,410112,57295
51155,Pulaski County, Virginia,33915,4452
51161,Roanoke County, Virginia,91261,6553
51163,Rockbridge County, Virginia,22191,2932
51165,Rockingham County, Virginia,76556,11885
51167,Russell County, Virginia,28451,5145
51169,Scott County, Virginia,22467,2708
51171,Shenandoah County, Virginia,41929,5668
51173,Smyth County, Virginia,31365,4640
51177,Spotsylvania County, Virginia,123229,15149
51179,Stafford County, Virginia,125569,11106
51185,Tazewell County, Virginia,43716,6921
51187,Warren County, Virginia,37423,4773
51191,Washington County, Virginia,54299,6424
51195,Wise County, Virginia,38966,6504
51197,Wythe County, Virginia,28932,4705
51199,York County, Virginia,62731,3631
51510,Alexandria city, Virginia,140313,22037
51540,Charlottesville city, Virginia,43287,5093
51550,Chesapeake city, Virginia,215357,21260
51590,Danville city, Virginia,41756,6371
51600,Fairfax city, Virginia,22595,2801
51630,Fredericksburg city, Virginia,25665,3865
51650,Hampton city, Virginia,131500,15800
51660,Harrisonburg city, Virginia,49107,6952
51670,Hopewell city, Virginia,22204,4389
51680,Lynchburg city, Virginia,74775,10374
51683,Manassas city, Virginia,39245,8589
51700,Newport News city, Virginia,171265,25636
51710,Norfolk city, Virginia,219848,38013
51730,Petersburg city, Virginia,31269,7269
51740,Portsmouth city, Virginia,91439,12274
51760,Richmond city, Virginia,204425,34757
51770,Roanoke city, Virginia,95698,16463
51775,Salem city, Virginia,24381,2989
51790,Staunton city, Virginia,23370,3514
51800,Suffolk city, Virginia,82224,8332
51810,Virginia Beach city, Virginia,418854,44617
51820,Waynesboro city, Virginia,20931,2877
51840,Winchester city, Virginia,26294,4787
53003,Asotin County, Washington,21560,3139
53005,Benton County, Washington,178421,25319
53007,Chelan County, Washington,72685,15242
53009,Clallam County, Washington,70248,10074
53011,Clark County, Washington,430397,59942
53015,Cowlitz County, Washington,101348,13597
53017,Douglas County, Washington,38729,8041
53021,Franklin County, Washington,80951,16602
53025,Grant County, Washington,89962,19141
53027,Grays Harbor County, Washington,69289,11977
53029,Island County, Washington,74465,7946
53031,Jefferson County, Washington,29056,3962
53033,King County, Washington,1959243,244501
53035,Kitsap County, Washington,240385,27137
53037,Kittitas County, Washington,41168,5883
53039,Klickitat County, Washington,20549,2971
53041,Lewis County, Washington,74883,11304
53045,Mason County, Washington,59417,10506
53047,Okanogan County, Washington,40747,8695
53049,Pacific County, Washington,20563,3565
53053,Pierce County, Washington,779675,110391
53057,Skagit County, Washington,116474,18784
53061,Snohomish County, Washington,714129,95710
53063,Spokane County, Washington,465008,61487
53065,Stevens County, Washington,43208,6660
53067,Thurston County, Washington,250276,30661
53071,Walla Walla County, Washington,56213,9432
53073,Whatcom County, Washington,202051,26429
53075,Whitman County, Washington,45236,4366
53077,Yakima County, Washington,243034,60059
54003,Berkeley County, West Virginia,104978,14824
54005,Boone County, West Virginia,24398,3314
54009,Brooke County, West Virginia,23739,3208
54011,Cabell County, West Virginia,95168,13795
54019,Fayette County, West Virginia,44426,8008
54025,Greenbrier County, West Virginia,35028,5127
54027,Hampshire County, West Virginia,23305,5816
54029,Hancock County, West Virginia,30183,4150
54033,Harrison County, West Virginia,68604,10817
54035,Jackson County, West Virginia,29014,3607
54037,Jefferson County, West Virginia,54004,6381
54039,Kanawha County, West Virginia,190734,24897
54043,Lincoln County, West Virginia,21571,3074
54045,Logan County, West Virginia,35849,5928
54047,McDowell County, West Virginia,21311,4188
54049,Marion County, West Virginia,56034,7718
54051,Marshall County, West Virginia,32433,3954
54053,Mason County, West Virginia,26527,3427
54055,Mercer County, West Virginia,61987,8970
54057,Mineral County, West Virginia,27914,5345
54059,Mingo County, West Virginia,26402,4418
54061,Monongalia County, West Virginia,97018,12308
54067,Nicholas County, West Virginia,26005,4062
54069,Ohio County, West Virginia,43667,5320
54077,Preston County, West Virginia,31480,4851
54079,Putnam County, West Virginia,55690,7219
54081,Raleigh County, West Virginia,75900,10246
54083,Randolph County, West Virginia,27604,3644
54097,Upshur County, West Virginia,24183,3879
54099,Wayne County, West Virginia,41881,6552
54107,Wood County, West Virginia,86234,12206
54109,Wyoming County, West Virginia,23444,2626
55001,Adams County, Wisconsin,19491,1811
55005,Barron County, Wisconsin,45285,4620
55009,Brown County, Wisconsin,247360,22668
55015,Calumet County, Wisconsin,49224,2253
55017,Chippewa County, Wisconsin,60847,5009
55019,Clark County, Wisconsin,34110,7525
55021,Columbia County, Wisconsin,55211,4508
55025,Dane County, Wisconsin,492280,33394
55027,Dodge County, Wisconsin,83390,6089
55029,Door County, Wisconsin,27485,2259
55031,Douglas County, Wisconsin,43317,5380
55033,Dunn County, Wisconsin,43613,4036
55035,Eau Claire County, Wisconsin,98867,8690
55039,Fond du Lac County, Wisconsin,100140,8282
55043,Grant County, Wisconsin,50042,4934
55045,Green County, Wisconsin,36572,2748
55049,Iowa County, Wisconsin,23593,1717
55053,Jackson County, Wisconsin,19103,1989
55055,Jefferson County, Wisconsin,83482,6207
55057,Juneau County, Wisconsin,25755,2966
55059,Kenosha County, Wisconsin,165411,18186
55061,Kewaunee County, Wisconsin,20433,1305
55063,La Crosse County, Wisconsin,114263,8206
55067,Langlade County, Wisconsin,19526,2249
55069,Lincoln County, Wisconsin,27958,1961
55071,Manitowoc County, Wisconsin,80309,5682
55073,Marathon County, Wisconsin,133109,12165
55075,Marinette County, Wisconsin,40937,3482
55079,Milwaukee County, Wisconsin,942971,118189
55081,Monroe County, Wisconsin,44012,5909
55083,Oconto County, Wisconsin,37293,3048
55085,Oneida County, Wisconsin,35213,3377
55087,Outagamie County, Wisconsin,176347,12333
55089,Ozaukee County, Wisconsin,86062,3669
55093,Pierce County, Wisconsin,40616,3412
55095,Polk County, Wisconsin,43474,4690
55097,Portage County, Wisconsin,69829,5555
55101,Racine County, Wisconsin,190767,19939
55105,Rock County, Wisconsin,158823,17206
55109,St. Croix County, Wisconsin,84171,7100
55111,Sauk County, Wisconsin,61640,6192
55115,Shawano County, Wisconsin,41114,4351
55117,Sheboygan County, Wisconsin,112735,8925
55119,Taylor County, Wisconsin,20401,2135
55121,Trempealeau County, Wisconsin,28612,2592
55123,Vernon County, Wisconsin,29704,5039
55125,Vilas County, Wisconsin,21184,2122
55127,Walworth County, Wisconsin,101588,10948
55131,Washington County, Wisconsin,131359,7545
55133,Waukesha County, Wisconsin,388112,19028
55135,Waupaca County, Wisconsin,50828,3628
55137,Waushara County, Wisconsin,23294,2686
55139,Winnebago County, Wisconsin,162666,13034
55141,Wood County, Wisconsin,73937,4315
56001,Albany County, Wyoming,36663,4425
56005,Campbell County, Wyoming,46563,8002
56013,Fremont County, Wyoming,40099,8601
56021,Laramie County, Wyoming,90067,11951
56025,Natrona County, Wyoming,75767,11526
56029,Park County, Wyoming,28235,3759
56033,Sheridan County, Wyoming,28835,4034
56037,Sweetwater County, Wyoming,44047,6710
56039,Teton County, Wyoming,21396,5170
56041,Uinta County, Wyoming,20852,2768